timestamp,tollID,tagRef,tagHomeID,charge
2022-07-17 06:40,KO09,KOJDP0LVS,KO,2.05
2022-07-17 06:42,OO03,OOZSJ49IT,OO,2.4
2022-07-17 07:11,MO02,MOV86WZS3,MO,1.35
2022-07-17 07:16,AM09,NOQLL8OS9,NO,3.1
2022-07-17 07:45,OO02,NAOLY8OZCY,NAO,2.3
2022-07-17 08:00,NAO32,NAO5UQPGB7,NAO,2.5
2022-07-17 08:11,EG26,EG9CHJ755,EG,1.8
2022-07-17 08:27,NAO38,NAO5ZJA8DZ,NAO,2.5
2022-07-17 08:35,AM04,KOWKTAKPU,KO,2.2
2022-07-17 08:47,MO08,KONCXLL4Z,KO,3.15
2022-07-17 08:51,AM10,AMNT3W5UZ,AM,3.1
2022-07-17 09:01,OO06,OO3KKV9RF,OO,3.5
2022-07-17 10:41,NO12,NOX6GVWRD,NO,3.35
2022-07-17 10:55,NAO39,NAOURTP0LZ,NAO,2.5
2022-07-17 10:58,EG07,AMH9SDBDW,AM,1.8
2022-07-17 10:59,NO12,NOQLL8OS9,NO,3.35
2022-07-17 11:07,GE02,GE5A0L725,GE,14.7
2022-07-17 11:10,EG33,EGIGQPKI7,EG,2.0
2022-07-17 11:20,NAO09,KOJDP0LVS,KO,2.5
2022-07-17 11:21,NAO10,EGSEIMVIH,EG,2.5
2022-07-17 11:24,AM04,AMV3A3ZMF,AM,2.2
2022-07-17 11:54,MO05,MOJCKJLTE,MO,2.6
2022-07-17 12:03,NAO38,NAO5ZJA8DZ,NAO,2.5
2022-07-17 12:17,EG22,EGRHOCN9J,EG,1.6
2022-07-17 12:23,NO04,MOV86WZS3,MO,3.25
2022-07-17 12:39,NAO29,EGC11ERTJ,EG,2.5
2022-07-17 13:34,NO10,NAOVZ41NAM,NAO,4.2
2022-07-17 14:19,AM08,KOIXA11DP,KO,2.8
2022-07-17 14:26,NAO30,NAONSM43D8,NAO,2.5
2022-07-17 15:02,NAO14,EG7UR23GD,EG,2.5
2022-07-17 15:02,NO06,EGVWPVS7H,EG,3.25
2022-07-17 15:24,EG19,EGYTJXEPQ,EG,1.4
2022-07-17 15:33,OO03,OOZSJ49IT,OO,2.4
2022-07-17 15:46,MO08,MOV86WZS3,MO,3.15
2022-07-17 15:55,NO09,NAOHL1N13J,NAO,4.2
2022-07-17 16:00,KO04,KOIXA11DP,KO,2.95
2022-07-17 16:02,NAO23,NAOHL1N13J,NAO,2.5
2022-07-17 17:23,AM02,AMV3A3ZMF,AM,2.0
2022-07-17 17:59,EG37,KOJDP0LVS,KO,1.4
2022-07-17 18:38,AM03,EGSEIMVIH,EG,2.2
2022-07-17 18:39,EG17,OO3KKV9RF,OO,2.1
2022-07-17 18:44,OO03,OO3KKV9RF,OO,2.4
2022-07-17 18:47,NAO07,NAO5ZJA8DZ,NAO,2.5
2022-07-17 18:59,KO02,KOWM31YIH,KO,3.4
2022-07-17 19:07,OO06,OOQ0OXFQ8,OO,3.5
2022-07-17 19:39,NAO10,NAO5UQPGB7,NAO,2.5
2022-07-17 20:39,NAO05,EGUT0CVS4,EG,2.5
2022-07-17 20:45,KO03,AMNT3W5UZ,AM,2.95
2022-07-17 21:01,OO05,OO3KKV9RF,OO,3.5
2022-07-17 21:27,MO09,MOV86WZS3,MO,2.7
2022-07-17 21:37,KO01,KONCXLL4Z,KO,3.4
2022-07-17 21:58,NO10,OO1B0Z3NX,OO,4.2
2022-07-17 22:06,OO06,OO1B0Z3NX,OO,3.5
2022-07-17 22:17,EG24,EGSEIMVIH,EG,1.4
2022-07-17 23:07,NAO14,NAOHAFEYUH,NAO,2.5
2022-07-17 23:35,EG01,NAO5UQPGB7,NAO,3.0
2022-07-18 00:57,NAO31,OO7PZE9VI,OO,2.5
2022-07-18 01:01,OO02,OO3KKV9RF,OO,2.3
2022-07-18 01:21,EG21,EGSEIMVIH,EG,1.6
2022-07-18 01:21,NAO20,EG7UR23GD,EG,2.5
2022-07-18 01:27,NAO02,NAOP0J43D5,NAO,2.5
2022-07-18 01:37,MO04,MOV86WZS3,MO,2.1
2022-07-18 01:38,EG34,EGUT0CVS4,EG,2.0
2022-07-18 02:14,KO04,NOE1V2ISQ,NO,2.95
2022-07-18 02:40,AM08,EGYTJXEPQ,EG,2.8
2022-07-18 02:45,EG11,OO1B0Z3NX,OO,0.5
2022-07-18 04:02,MO10,MOJCKJLTE,MO,2.7
2022-07-18 04:03,OO01,OOZSJ49IT,OO,2.3
2022-07-18 04:23,EG22,NAOBMYOFQE,NAO,1.6
2022-07-18 04:31,AM01,AMXAJI0Y6,AM,2.0
2022-07-18 04:43,MO05,MOV86WZS3,MO,2.6
2022-07-18 05:00,MO03,MOJCKJLTE,MO,2.1
2022-07-18 05:05,NAO26,EGF1T2TAL,EG,2.5
2022-07-18 05:32,NO10,NOXFGCAQV,NO,4.2
2022-07-18 06:12,NAO09,NAO5UQPGB7,NAO,2.5
2022-07-18 06:21,NAO28,NAONSM43D8,NAO,2.5
2022-07-18 06:21,OO08,AMNT3W5UZ,AM,1.9
2022-07-18 06:36,OO04,OOZSJ49IT,OO,2.4
2022-07-18 07:35,NAO18,NAOBMYOFQE,NAO,2.5
2022-07-18 07:36,AM06,AMXAJI0Y6,AM,3.6
2022-07-18 08:16,MO10,EG7UR23GD,EG,2.7
2022-07-18 08:19,OO07,OO7PZE9VI,OO,1.9
2022-07-18 08:34,NAO36,NAO5UQPGB7,NAO,2.5
2022-07-18 09:00,NAO26,NAO09SKDGI,NAO,2.5
2022-07-18 09:17,NO10,KOIXA11DP,KO,4.2
2022-07-18 09:20,EG24,EGSEIMVIH,EG,1.4
2022-07-18 09:51,KO01,KONCXLL4Z,KO,3.4
2022-07-18 10:16,NO10,NAOVZ41NAM,NAO,4.2
2022-07-18 10:35,NAO22,NAOVZ41NAM,NAO,2.5
2022-07-18 10:42,NAO29,OO3KKV9RF,OO,2.5
2022-07-18 10:45,EG26,AMHJ7XVG0,AM,1.8
2022-07-18 11:00,NAO30,NAONSM43D8,NAO,2.5
2022-07-18 11:47,OO08,OO3KKV9RF,OO,1.9
2022-07-18 12:15,EG28,EGF1T2TAL,EG,1.4
2022-07-18 12:20,NAO35,NAONSM43D8,NAO,2.5
2022-07-18 12:31,NO06,GE5A0L725,GE,3.25
2022-07-18 12:36,NAO32,NAO5UQPGB7,NAO,2.5
2022-07-18 13:09,NAO25,NAOHL1N13J,NAO,2.5
2022-07-18 13:37,NO05,NORCBPLJD,NO,3.25
2022-07-18 13:54,EG06,EGVWPVS7H,EG,1.7
2022-07-18 14:27,EG24,EGF1T2TAL,EG,1.4
2022-07-18 15:02,AM08,AMXAJI0Y6,AM,2.8
2022-07-18 15:14,NAO04,NAO5UQPGB7,NAO,2.5
2022-07-18 15:24,AM03,AMLJH75LX,AM,2.2
2022-07-18 15:38,EG01,NORCBPLJD,NO,3.0
2022-07-18 17:22,KO08,NAOLY8OZCY,NAO,1.85
2022-07-18 17:36,NAO22,NAOVZ41NAM,NAO,2.5
2022-07-18 17:36,OO03,OO3KKV9RF,OO,2.4
2022-07-18 18:20,NO13,NO7PTX63C,NO,4.15
2022-07-18 18:30,NO10,OOQ0OXFQ8,OO,4.2
2022-07-18 19:03,NAO32,NAOHAFEYUH,NAO,2.5
2022-07-18 19:08,KO03,NAOBMYOFQE,NAO,2.95
2022-07-18 19:11,KO08,KOWM31YIH,KO,1.85
2022-07-18 19:20,EG01,NORCBPLJD,NO,3.0
2022-07-18 19:32,EG37,EGUT0CVS4,EG,1.4
2022-07-18 19:41,AM01,AMNT3W5UZ,AM,2.0
2022-07-18 20:13,AM01,NOE1V2ISQ,NO,2.0
2022-07-18 20:56,NAO29,OO3KKV9RF,OO,2.5
2022-07-18 21:11,EG36,OO1B0Z3NX,OO,1.0
2022-07-18 21:13,NO04,KOIXA11DP,KO,3.25
2022-07-18 21:29,EG34,AMLJH75LX,AM,2.0
2022-07-18 21:52,NO09,EG7UR23GD,EG,4.2
2022-07-18 22:03,AM10,AMXAJI0Y6,AM,3.1
2022-07-18 22:18,NAO38,NOE1V2ISQ,NO,2.5
2022-07-18 22:40,EG19,NORCBPLJD,NO,1.4
2022-07-18 23:07,OO08,NAOHL1N13J,NAO,1.9
2022-07-19 00:39,AM05,AMV3A3ZMF,AM,3.6
2022-07-19 00:51,EG20,EGSEIMVIH,EG,1.4
2022-07-19 00:56,MO10,MOJCKJLTE,MO,2.7
2022-07-19 01:49,NAO30,EGUT0CVS4,EG,2.5
2022-07-19 03:41,AM07,OO1B0Z3NX,OO,2.8
2022-07-19 03:47,EG20,NAOBMYOFQE,NAO,1.4
2022-07-19 04:02,EG14,NAOHAFEYUH,NAO,1.2
2022-07-19 04:39,NAO40,NAOHL1N13J,NAO,2.5
2022-07-19 04:48,OO10,OOQ0OXFQ8,OO,2.5
2022-07-19 04:51,NO14,NO7PTX63C,NO,4.15
2022-07-19 04:58,OO07,OO3KKV9RF,OO,1.9
2022-07-19 05:17,AM02,NOQLL8OS9,NO,2.0
2022-07-19 05:18,KO03,KONCXLL4Z,KO,2.95
2022-07-19 05:24,NAO17,OO1B0Z3NX,OO,2.5
2022-07-19 05:41,EG18,KOIXA11DP,KO,2.1
2022-07-19 05:57,NO09,NORCBPLJD,NO,4.2
2022-07-19 06:56,OO08,EGIGQPKI7,EG,1.9
2022-07-19 06:57,KO05,OO7PZE9VI,OO,1.9
2022-07-19 07:03,NO14,NO7PTX63C,NO,4.15
2022-07-19 07:08,NAO39,NAOLY8OZCY,NAO,2.5
2022-07-19 07:24,OO03,KOWM31YIH,KO,2.4
2022-07-19 07:25,MO12,AMH9SDBDW,AM,2.05
2022-07-19 07:43,NO13,EGIGQPKI7,EG,4.15
2022-07-19 07:51,KO07,KOWKTAKPU,KO,1.85
2022-07-19 08:05,NAO09,EGRHOCN9J,EG,2.5
2022-07-19 08:08,EG33,EGRHOCN9J,EG,2.0
2022-07-19 08:17,NAO18,NAO5ZJA8DZ,NAO,2.5
2022-07-19 08:19,EG07,EGSEIMVIH,EG,1.8
2022-07-19 08:57,EG30,EG9CHJ755,EG,1.5
2022-07-19 09:05,MO05,MOJCKJLTE,MO,2.6
2022-07-19 09:24,EG19,KONCXLL4Z,KO,1.4
2022-07-19 09:53,KO07,KOJDP0LVS,KO,1.85
2022-07-19 10:19,OO06,EG9CHJ755,EG,3.5
2022-07-19 10:25,AM05,AMV3A3ZMF,AM,3.6
2022-07-19 10:39,NAO20,NOQLL8OS9,NO,2.5
2022-07-19 11:23,EG34,AMLJH75LX,AM,2.0
2022-07-19 11:43,AM06,AMXAJI0Y6,AM,3.6
2022-07-19 11:56,KO02,EGYTJXEPQ,EG,3.4
2022-07-19 13:53,AM01,AMH9SDBDW,AM,2.0
2022-07-19 14:05,NO06,EGVWPVS7H,EG,3.25
2022-07-19 14:17,NAO26,NAOHAFEYUH,NAO,2.5
2022-07-19 15:29,NO06,EGVWPVS7H,EG,3.25
2022-07-19 15:43,AM05,KONCXLL4Z,KO,3.6
2022-07-19 15:52,NAO12,NAO09SKDGI,NAO,2.5
2022-07-19 16:06,KO03,KOJDP0LVS,KO,2.95
2022-07-19 16:09,OO06,OO1B0Z3NX,OO,3.5
2022-07-19 16:41,AM01,AMLJH75LX,AM,2.0
2022-07-19 16:57,EG09,EGIGQPKI7,EG,0.9
2022-07-19 17:09,AM06,EG7UR23GD,EG,3.6
2022-07-19 17:20,AM06,AMLJH75LX,AM,3.6
2022-07-19 17:46,AM04,AMH9SDBDW,AM,2.2
2022-07-19 17:54,KO10,KONCXLL4Z,KO,2.05
2022-07-19 17:55,NAO07,NAOVZ41NAM,NAO,2.5
2022-07-19 19:42,EG34,EGUT0CVS4,EG,2.0
2022-07-19 19:46,NO06,EGRHOCN9J,EG,3.25
2022-07-19 19:49,KO07,KOJDP0LVS,KO,1.85
2022-07-19 19:56,EG03,NAO09SKDGI,NAO,1.2
2022-07-19 19:59,KO09,EGIGQPKI7,EG,2.05
2022-07-19 20:03,EG21,AMXAJI0Y6,AM,1.6
2022-07-19 20:39,EG05,EGC11ERTJ,EG,1.7
2022-07-19 21:00,GE01,GEJA1WJ0T,GE,14.7
2022-07-19 21:08,NAO32,NAOHL1N13J,NAO,2.5
2022-07-19 22:31,NAO13,NAOHL1N13J,NAO,2.5
2022-07-19 23:19,AM10,EGRHOCN9J,EG,3.1
2022-07-19 23:44,AM10,AMXAJI0Y6,AM,3.1
2022-07-19 23:46,KO05,KOWKTAKPU,KO,1.9
2022-07-20 00:02,NAO22,NAOHL1N13J,NAO,2.5
2022-07-20 00:55,KO10,KONCXLL4Z,KO,2.05
2022-07-20 01:17,NAO31,NAOURTP0LZ,NAO,2.5
2022-07-20 01:20,NO01,AMNT3W5UZ,AM,3.85
2022-07-20 01:43,KO09,KOWM31YIH,KO,2.05
2022-07-20 02:19,NAO26,NO7PTX63C,NO,2.5
2022-07-20 03:01,OO03,OOZSJ49IT,OO,2.4
2022-07-20 03:02,NAO26,NAOHAFEYUH,NAO,2.5
2022-07-20 03:21,AM04,KOWKTAKPU,KO,2.2
2022-07-20 03:50,NO14,NOX6GVWRD,NO,4.15
2022-07-20 04:04,NAO09,MOJCKJLTE,MO,2.5
2022-07-20 04:27,MO10,EG9CHJ755,EG,2.7
2022-07-20 04:29,EG09,EGSEIMVIH,EG,0.9
2022-07-20 04:31,NAO08,NAOURTP0LZ,NAO,2.5
2022-07-20 04:37,NAO20,NAOVZ41NAM,NAO,2.5
2022-07-20 04:45,NAO13,NAOHL1N13J,NAO,2.5
2022-07-20 04:59,EG17,KOWM31YIH,KO,2.1
2022-07-20 05:05,OO03,OOQ0OXFQ8,OO,2.4
2022-07-20 05:11,EG12,EGC11ERTJ,EG,0.5
2022-07-20 05:49,EG12,EGRHOCN9J,EG,0.5
2022-07-20 05:59,MO08,MOV86WZS3,MO,3.15
2022-07-20 06:01,NAO04,NAO5UQPGB7,NAO,2.5
2022-07-20 06:10,NAO41,NAOP0J43D5,NAO,2.5
2022-07-20 06:15,KO01,NAOP0J43D5,NAO,3.4
2022-07-20 07:26,OO02,NAO09SKDGI,NAO,2.3
2022-07-20 07:32,OO07,OO3KKV9RF,OO,1.9
2022-07-20 08:13,EG28,EG9CHJ755,EG,1.4
2022-07-20 08:29,EG21,EGYTJXEPQ,EG,1.6
2022-07-20 08:35,KO04,KOIXA11DP,KO,2.95
2022-07-20 08:50,NAO09,NAONSM43D8,NAO,2.5
2022-07-20 08:58,NO05,EGYTJXEPQ,EG,3.25
2022-07-20 09:14,OO09,OO1B0Z3NX,OO,2.5
2022-07-20 09:47,OO06,OO1B0Z3NX,OO,3.5
2022-07-20 10:04,KO09,KOWM31YIH,KO,2.05
2022-07-20 10:09,NO14,NOX6GVWRD,NO,4.15
2022-07-20 10:21,EG34,EGIGQPKI7,EG,2.0
2022-07-20 11:23,NAO22,NAOLY8OZCY,NAO,2.5
2022-07-20 11:42,EG21,EG7UR23GD,EG,1.6
2022-07-20 12:16,NAO09,NAONSM43D8,NAO,2.5
2022-07-20 13:07,NAO16,EGIGQPKI7,EG,2.5
2022-07-20 13:46,NAO18,NAOBMYOFQE,NAO,2.5
2022-07-20 13:55,EG18,NAOBMYOFQE,NAO,2.1
2022-07-20 14:30,OO06,OOQ0OXFQ8,OO,3.5
2022-07-20 14:36,NAO23,NAONSM43D8,NAO,2.5
2022-07-20 14:47,OO06,EGYTJXEPQ,EG,3.5
2022-07-20 15:02,MO11,EGC11ERTJ,EG,2.05
2022-07-20 15:18,NO08,NOQLL8OS9,NO,3.55
2022-07-20 15:50,EG37,EGUT0CVS4,EG,1.4
2022-07-20 16:01,MO07,KOIXA11DP,KO,3.15
2022-07-20 16:13,EG16,NAO09SKDGI,NAO,1.2
2022-07-20 17:59,MO08,MOV86WZS3,MO,3.15
2022-07-20 18:24,AM01,EG7UR23GD,EG,2.0
2022-07-20 19:00,OO03,OOZSJ49IT,OO,2.4
2022-07-20 19:23,AM06,AMXAJI0Y6,AM,3.6
2022-07-20 20:14,NO11,NOXFGCAQV,NO,3.35
2022-07-20 20:30,AM06,AMLJH75LX,AM,3.6
2022-07-20 20:53,EG14,EGC11ERTJ,EG,1.2
2022-07-20 21:01,EG06,KOWKTAKPU,KO,1.7
2022-07-20 21:25,EG26,EGYTJXEPQ,EG,1.8
2022-07-20 21:27,KO10,KOWM31YIH,KO,2.05
2022-07-20 21:46,NAO32,NAOP0J43D5,NAO,2.5
2022-07-20 22:12,KO05,KOWKTAKPU,KO,1.9
2022-07-20 22:23,NAO38,NOE1V2ISQ,NO,2.5
2022-07-20 22:25,OO02,NAOP0J43D5,NAO,2.3
2022-07-20 22:51,EG28,EGSEIMVIH,EG,1.4
2022-07-20 22:52,OO04,OO3KKV9RF,OO,2.4
2022-07-20 23:02,MO09,EGF1T2TAL,EG,2.7
2022-07-20 23:25,MO06,MOJCKJLTE,MO,2.6
2022-07-20 23:47,OO09,OO1B0Z3NX,OO,2.5
2022-07-21 00:24,AM02,AMLJH75LX,AM,2.0
2022-07-21 00:30,OO03,OO1B0Z3NX,OO,2.4
2022-07-21 00:36,OO02,NAOLY8OZCY,NAO,2.3
2022-07-21 00:49,NAO09,NAO5UQPGB7,NAO,2.5
2022-07-21 01:04,OO02,OO3KKV9RF,OO,2.3
2022-07-21 01:44,EG05,EGIGQPKI7,EG,1.7
2022-07-21 03:07,AM07,OO1B0Z3NX,OO,2.8
2022-07-21 03:26,AM04,EGYTJXEPQ,EG,2.2
2022-07-21 04:27,EG10,EGF1T2TAL,EG,0.9
2022-07-21 04:59,KO04,MOJCKJLTE,MO,2.95
2022-07-21 04:59,KO09,KOWM31YIH,KO,2.05
2022-07-21 05:13,EG11,EGIGQPKI7,EG,0.5
2022-07-21 05:20,KO10,KONCXLL4Z,KO,2.05
2022-07-21 05:27,AM06,AMHJ7XVG0,AM,3.6
2022-07-21 05:34,AM01,NAO5UQPGB7,NAO,2.0
2022-07-21 05:38,AM09,AMNT3W5UZ,AM,3.1
2022-07-21 06:32,OO06,EGYTJXEPQ,EG,3.5
2022-07-21 06:40,NAO07,NAOP0J43D5,NAO,2.5
2022-07-21 07:25,EG37,EGUT0CVS4,EG,1.4
2022-07-21 07:30,OO04,OOZSJ49IT,OO,2.4
2022-07-21 07:41,KO04,MOJCKJLTE,MO,2.95
2022-07-21 08:27,NAO23,EG9CHJ755,EG,2.5
2022-07-21 08:34,NAO13,NAOP0J43D5,NAO,2.5
2022-07-21 08:53,EG31,NAOURTP0LZ,NAO,1.4
2022-07-21 08:57,OO06,OO3KKV9RF,OO,3.5
2022-07-21 09:02,NAO36,EGVWPVS7H,EG,2.5
2022-07-21 09:03,NAO12,NAOHL1N13J,NAO,2.5
2022-07-21 09:19,EG06,EG9CHJ755,EG,1.7
2022-07-21 09:40,AM06,AMHJ7XVG0,AM,3.6
2022-07-21 10:50,EG32,NAOBMYOFQE,NAO,1.4
2022-07-21 11:23,EG20,EGSEIMVIH,EG,1.4
2022-07-21 11:27,NAO04,OOQ0OXFQ8,OO,2.5
2022-07-21 11:28,NAO35,NAO5ZJA8DZ,NAO,2.5
2022-07-21 11:47,NAO35,NAO5ZJA8DZ,NAO,2.5
2022-07-21 11:55,EG33,EGRHOCN9J,EG,2.0
2022-07-21 12:26,EG36,NAONSM43D8,NAO,1.0
2022-07-21 12:31,EG13,EGUT0CVS4,EG,1.2
2022-07-21 12:41,EG37,EGSEIMVIH,EG,1.4
2022-07-21 12:49,AM06,AMXAJI0Y6,AM,3.6
2022-07-21 12:57,NAO39,NAOLY8OZCY,NAO,2.5
2022-07-21 13:56,AM03,AMLJH75LX,AM,2.2
2022-07-21 14:07,AM01,AMH9SDBDW,AM,2.0
2022-07-21 14:47,NO05,NORCBPLJD,NO,3.25
2022-07-21 15:00,NAO40,EGRHOCN9J,EG,2.5
2022-07-21 15:15,EG10,EGYTJXEPQ,EG,0.9
2022-07-21 15:16,EG08,AMXAJI0Y6,AM,1.8
2022-07-21 15:33,NO14,NO7PTX63C,NO,4.15
2022-07-21 15:49,AM01,AMXAJI0Y6,AM,2.0
2022-07-21 16:43,MO07,KOIXA11DP,KO,3.15
2022-07-21 17:15,OO04,OO7PZE9VI,OO,2.4
2022-07-21 17:20,NO02,NOXFGCAQV,NO,3.85
2022-07-21 17:28,NO09,NOE1V2ISQ,NO,4.2
2022-07-21 17:39,NO05,KONCXLL4Z,KO,3.25
2022-07-21 17:52,EG06,EG9CHJ755,EG,1.7
2022-07-21 17:56,KO02,NAOURTP0LZ,NAO,3.4
2022-07-21 18:18,NAO32,NAOHL1N13J,NAO,2.5
2022-07-21 18:32,OO10,NAO09SKDGI,NAO,2.5
2022-07-21 18:33,KO03,KONCXLL4Z,KO,2.95
2022-07-21 18:47,EG15,EGVWPVS7H,EG,1.2
2022-07-21 19:00,EG25,EGVWPVS7H,EG,1.8
2022-07-21 19:24,KO04,KOWKTAKPU,KO,2.95
2022-07-21 19:31,EG35,EGRHOCN9J,EG,1.0
2022-07-21 20:20,OO05,OOZSJ49IT,OO,3.5
2022-07-21 20:59,OO06,KOIXA11DP,KO,3.5
2022-07-21 21:05,EG22,NAOBMYOFQE,NAO,1.6
2022-07-21 21:23,KO03,KOWKTAKPU,KO,2.95
2022-07-21 21:25,NO14,NO7PTX63C,NO,4.15
2022-07-21 21:40,MO04,MOJCKJLTE,MO,2.1
2022-07-21 21:56,OO07,OO1B0Z3NX,OO,1.9
2022-07-21 22:09,NAO38,NAO5ZJA8DZ,NAO,2.5
2022-07-21 22:12,EG12,NAOP0J43D5,NAO,0.5
2022-07-21 22:25,NAO06,NAOP0J43D5,NAO,2.5
2022-07-21 22:32,NO06,NOX6GVWRD,NO,3.25
2022-07-21 22:57,NAO31,NAO09SKDGI,NAO,2.5
2022-07-21 23:02,KO09,KOJDP0LVS,KO,2.05
2022-07-21 23:12,NAO05,EGUT0CVS4,EG,2.5
2022-07-21 23:40,NAO30,NAONSM43D8,NAO,2.5
2022-07-21 23:41,AM06,NOXFGCAQV,NO,3.6
2022-07-22 00:05,NAO16,EGIGQPKI7,EG,2.5
2022-07-22 00:16,EG29,EGC11ERTJ,EG,1.5
2022-07-22 00:27,NO01,NOX6GVWRD,NO,3.85
2022-07-22 00:28,NAO10,NAOLY8OZCY,NAO,2.5
2022-07-22 00:30,NO09,EG7UR23GD,EG,4.2
2022-07-22 00:35,AM04,AMV3A3ZMF,AM,2.2
2022-07-22 00:41,NO14,NOE1V2ISQ,NO,4.15
2022-07-22 01:24,KO04,KOWKTAKPU,KO,2.95
2022-07-22 01:35,OO10,OOQ0OXFQ8,OO,2.5
2022-07-22 01:57,NO06,NORCBPLJD,NO,3.25
2022-07-22 02:40,GE02,GEX7EEDTJ,GE,14.7
2022-07-22 03:00,EG06,EGIGQPKI7,EG,1.7
2022-07-22 04:37,EG38,EGUT0CVS4,EG,1.4
2022-07-22 04:47,EG08,EGRHOCN9J,EG,1.8
2022-07-22 05:02,NAO07,AMV3A3ZMF,AM,2.5
2022-07-22 06:16,AM06,AMH9SDBDW,AM,3.6
2022-07-22 06:42,MO01,NO7PTX63C,NO,1.35
2022-07-22 06:44,NO03,NOXFGCAQV,NO,3.25
2022-07-22 06:56,OO08,OO7PZE9VI,OO,1.9
2022-07-22 07:58,EG09,EGSEIMVIH,EG,0.9
2022-07-22 07:59,NAO15,OO3KKV9RF,OO,2.5
2022-07-22 08:16,GE02,NOXFGCAQV,NO,14.7
2022-07-22 08:28,NAO31,GEL6246HI,GE,2.5
2022-07-22 09:05,AM09,NAOVZ41NAM,NAO,3.1
2022-07-22 10:01,OO01,OOZSJ49IT,OO,2.3
2022-07-22 10:39,KO07,EGC11ERTJ,EG,1.85
2022-07-22 11:15,KO03,NAOHL1N13J,NAO,2.95
2022-07-22 11:32,OO08,OOZSJ49IT,OO,1.9
2022-07-22 11:49,NAO39,NAOURTP0LZ,NAO,2.5
2022-07-22 11:51,EG33,EGIGQPKI7,EG,2.0
2022-07-22 12:09,NAO17,NAOBMYOFQE,NAO,2.5
2022-07-22 12:25,NO09,NORCBPLJD,NO,4.2
2022-07-22 12:28,NO01,NO7PTX63C,NO,3.85
2022-07-22 12:44,OO08,OOZSJ49IT,OO,1.9
2022-07-22 13:06,NO02,NO7PTX63C,NO,3.85
2022-07-22 13:33,NAO22,NAOHL1N13J,NAO,2.5
2022-07-22 14:01,NAO07,NAO5ZJA8DZ,NAO,2.5
2022-07-22 14:27,KO10,KOJDP0LVS,KO,2.05
2022-07-22 14:34,EG20,EGSEIMVIH,EG,1.4
2022-07-22 15:10,AM06,EGVWPVS7H,EG,3.6
2022-07-22 15:16,NAO14,NAO5ZJA8DZ,NAO,2.5
2022-07-22 15:52,EG17,OO3KKV9RF,OO,2.1
2022-07-22 15:59,NO05,KOWKTAKPU,KO,3.25
2022-07-22 16:15,NO10,NAOVZ41NAM,NAO,4.2
2022-07-22 16:23,NO07,NO7PTX63C,NO,3.55
2022-07-22 16:49,NAO27,EG9CHJ755,EG,2.5
2022-07-22 17:06,OO02,OO1B0Z3NX,OO,2.3
2022-07-22 17:21,NO01,NOXFGCAQV,NO,3.85
2022-07-22 17:27,EG02,EGVWPVS7H,EG,3.0
2022-07-22 18:04,NAO11,NAO09SKDGI,NAO,2.5
2022-07-22 18:55,NAO37,NAOHL1N13J,NAO,2.5
2022-07-22 18:56,NAO10,EGSEIMVIH,EG,2.5
2022-07-22 20:13,NAO26,EGSEIMVIH,EG,2.5
2022-07-22 20:38,GE02,EGVWPVS7H,EG,14.7
2022-07-22 20:55,NO14,NORCBPLJD,NO,4.15
2022-07-22 21:31,AM06,AMHJ7XVG0,AM,3.6
2022-07-22 22:01,MO12,AMH9SDBDW,AM,2.05
2022-07-22 22:05,NAO10,AMV3A3ZMF,AM,2.5
2022-07-22 22:08,NAO07,NAO5ZJA8DZ,NAO,2.5
2022-07-22 22:50,NAO41,NAO09SKDGI,NAO,2.5
2022-07-22 23:33,NAO20,NOQLL8OS9,NO,2.5
2022-07-22 23:46,NAO33,NAOP0J43D5,NAO,2.5
2022-07-23 00:22,AM07,OO1B0Z3NX,OO,2.8
2022-07-23 00:34,NAO32,NAO5ZJA8DZ,NAO,2.5
2022-07-23 01:35,EG06,KOWKTAKPU,KO,1.7
2022-07-23 01:52,NAO09,NAONSM43D8,NAO,2.5
2022-07-23 02:01,NO02,NOXFGCAQV,NO,3.85
2022-07-23 02:02,OO09,EGVWPVS7H,EG,2.5
2022-07-23 02:31,AM05,AMXAJI0Y6,AM,3.6
2022-07-23 03:33,NO07,NOE1V2ISQ,NO,3.55
2022-07-23 03:41,EG03,NAO09SKDGI,NAO,1.2
2022-07-23 03:56,NAO24,NAO5ZJA8DZ,NAO,2.5
2022-07-23 04:01,KO05,KOWKTAKPU,KO,1.9
2022-07-23 04:06,KO02,EG9CHJ755,EG,3.4
2022-07-23 04:06,KO02,NAOVZ41NAM,NAO,3.4
2022-07-23 04:12,NAO24,NORCBPLJD,NO,2.5
2022-07-23 05:10,EG22,NAO5UQPGB7,NAO,1.6
2022-07-23 05:15,AM09,OO3KKV9RF,OO,3.1
2022-07-23 05:19,NO09,NAOBMYOFQE,NAO,4.2
2022-07-23 05:23,EG26,NOE1V2ISQ,NO,1.8
2022-07-23 05:53,EG06,EGVWPVS7H,EG,1.7
2022-07-23 05:55,EG34,EGIGQPKI7,EG,2.0
2022-07-23 06:14,NAO40,NAOHL1N13J,NAO,2.5
2022-07-23 06:14,NO07,AMV3A3ZMF,AM,3.55
2022-07-23 06:15,EG09,AMXAJI0Y6,AM,0.9
2022-07-23 06:35,NO10,KOWKTAKPU,KO,4.2
2022-07-23 06:51,OO06,MOJCKJLTE,MO,3.5
2022-07-23 07:06,KO10,NO7PTX63C,NO,2.05
2022-07-23 07:38,MO10,MOJCKJLTE,MO,2.7
2022-07-23 07:45,MO05,MOJCKJLTE,MO,2.6
2022-07-23 07:59,NAO25,NAO09SKDGI,NAO,2.5
2022-07-23 08:17,KO04,KOWKTAKPU,KO,2.95
2022-07-23 09:11,OO08,OO7PZE9VI,OO,1.9
2022-07-23 09:53,NAO29,NAO5UQPGB7,NAO,2.5
2022-07-23 09:54,AM06,EG7UR23GD,EG,3.6
2022-07-23 09:59,OO10,AMLJH75LX,AM,2.5
2022-07-23 11:12,AM08,NOE1V2ISQ,NO,2.8
2022-07-23 11:51,AM08,AMNT3W5UZ,AM,2.8
2022-07-23 11:59,NO12,NOQLL8OS9,NO,3.35
2022-07-23 12:29,KO10,KOWKTAKPU,KO,2.05
2022-07-23 12:41,AM06,AMXAJI0Y6,AM,3.6
2022-07-23 13:05,NAO08,NAO5ZJA8DZ,NAO,2.5
2022-07-23 13:15,NO10,NAOVZ41NAM,NAO,4.2
2022-07-23 13:15,OO04,OOZSJ49IT,OO,2.4
2022-07-23 13:19,NAO24,NAONSM43D8,NAO,2.5
2022-07-23 13:49,NO13,EGIGQPKI7,EG,4.15
2022-07-23 13:55,EG33,EGRHOCN9J,EG,2.0
2022-07-23 13:57,KO07,KOWKTAKPU,KO,1.85
2022-07-23 14:08,NAO26,NAOLY8OZCY,NAO,2.5
2022-07-23 14:20,AM09,NORCBPLJD,NO,3.1
2022-07-23 15:02,EG24,EGSEIMVIH,EG,1.4
2022-07-23 15:09,EG15,NOXFGCAQV,NO,1.2
2022-07-23 15:14,NAO21,NAO5ZJA8DZ,NAO,2.5
2022-07-23 16:15,EG19,EGYTJXEPQ,EG,1.4
2022-07-23 16:45,NO10,OO1B0Z3NX,OO,4.2
2022-07-23 17:15,EG09,EGYTJXEPQ,EG,0.9
2022-07-23 17:32,EG26,EG9CHJ755,EG,1.8
2022-07-23 17:41,AM04,AMH9SDBDW,AM,2.2
2022-07-23 18:08,EG34,NAOBMYOFQE,NAO,2.0
2022-07-23 18:12,NO04,EGVWPVS7H,EG,3.25
2022-07-23 18:45,EG03,EGUT0CVS4,EG,1.2
2022-07-23 19:04,KO01,NAOP0J43D5,NAO,3.4
2022-07-23 19:47,NAO07,NAOBMYOFQE,NAO,2.5
2022-07-23 19:58,KO07,KOJDP0LVS,KO,1.85
2022-07-23 20:57,GE01,GEX7EEDTJ,GE,14.7
2022-07-23 21:09,OO10,OOQ0OXFQ8,OO,2.5
2022-07-23 22:01,NO12,NOQLL8OS9,NO,3.35
2022-07-23 22:08,EG02,NAONSM43D8,NAO,3.0
2022-07-23 22:20,OO06,MOJCKJLTE,MO,3.5
2022-07-23 22:57,NAO25,OOQ0OXFQ8,OO,2.5
2022-07-23 23:06,EG18,EGC11ERTJ,EG,2.1
2022-07-23 23:09,EG25,MOV86WZS3,MO,1.8
2022-07-23 23:27,NO02,NOXFGCAQV,NO,3.85
2022-07-23 23:55,AM02,AMNT3W5UZ,AM,2.0
2022-07-24 00:01,MO03,OOZSJ49IT,OO,2.1
2022-07-24 00:17,NO12,MOV86WZS3,MO,3.35
2022-07-24 00:27,EG08,AMXAJI0Y6,AM,1.8
2022-07-24 00:59,EG15,NOXFGCAQV,NO,1.2
2022-07-24 01:05,AM05,AMXAJI0Y6,AM,3.6
2022-07-24 01:06,EG28,EGF1T2TAL,EG,1.4
2022-07-24 01:09,KO02,KOIXA11DP,KO,3.4
2022-07-24 01:16,NAO05,NAOLY8OZCY,NAO,2.5
2022-07-24 01:23,KO09,KOJDP0LVS,KO,2.05
2022-07-24 01:39,NO01,NAOVZ41NAM,NAO,3.85
2022-07-24 02:59,NAO17,OO1B0Z3NX,OO,2.5
2022-07-24 03:31,EG09,EGYTJXEPQ,EG,0.9
2022-07-24 03:38,EG08,AMXAJI0Y6,AM,1.8
2022-07-24 03:57,NO04,NOQLL8OS9,NO,3.25
2022-07-24 04:38,AM10,AMV3A3ZMF,AM,3.1
2022-07-24 04:39,KO07,KOJDP0LVS,KO,1.85
2022-07-24 05:01,AM06,AMLJH75LX,AM,3.6
2022-07-24 05:35,NAO31,GEL6246HI,GE,2.5
2022-07-24 05:37,AM02,AMH9SDBDW,AM,2.0
2022-07-24 06:07,EG15,EGVWPVS7H,EG,1.2
2022-07-24 07:06,KO07,KOIXA11DP,KO,1.85
2022-07-24 07:30,KO05,EGF1T2TAL,EG,1.9
2022-07-24 08:07,NAO08,NAOHL1N13J,NAO,2.5
2022-07-24 08:17,NAO39,NAOURTP0LZ,NAO,2.5
2022-07-24 08:27,EG29,EGF1T2TAL,EG,1.5
2022-07-24 08:43,EG05,EGIGQPKI7,EG,1.7
2022-07-24 08:45,OO03,NAOLY8OZCY,NAO,2.4
2022-07-24 08:50,KO02,KOWM31YIH,KO,3.4
2022-07-24 08:57,NAO07,NAO5ZJA8DZ,NAO,2.5
2022-07-24 09:03,GE01,GEX7EEDTJ,GE,14.7
2022-07-24 09:13,NO09,EG7UR23GD,EG,4.2
2022-07-24 09:18,KO09,KONCXLL4Z,KO,2.05
2022-07-24 09:40,AM01,AMH9SDBDW,AM,2.0
2022-07-24 09:44,KO03,AMNT3W5UZ,AM,2.95
2022-07-24 09:51,EG10,NAO09SKDGI,NAO,0.9
2022-07-24 10:51,EG37,KOJDP0LVS,KO,1.4
2022-07-24 11:13,OO04,OOZSJ49IT,OO,2.4
2022-07-24 11:41,NO06,GE5A0L725,GE,3.25
2022-07-24 12:05,NAO05,KONCXLL4Z,KO,2.5
2022-07-24 12:09,NAO29,EGC11ERTJ,EG,2.5
2022-07-24 12:51,AM02,AMV3A3ZMF,AM,2.0
2022-07-24 12:59,OO04,OO3KKV9RF,OO,2.4
2022-07-24 13:08,AM07,AMLJH75LX,AM,2.8
2022-07-24 13:18,EG30,EG9CHJ755,EG,1.5
2022-07-24 13:19,OO08,AMNT3W5UZ,AM,1.9
2022-07-24 13:24,NO09,NORCBPLJD,NO,4.2
2022-07-24 13:25,KO03,KONCXLL4Z,KO,2.95
2022-07-24 14:03,NO04,EGVWPVS7H,EG,3.25
2022-07-24 14:58,EG37,EGRHOCN9J,EG,1.4
2022-07-24 15:03,EG18,EGIGQPKI7,EG,2.1
2022-07-24 15:55,NAO09,NAONSM43D8,NAO,2.5
2022-07-24 16:34,OO10,OOQ0OXFQ8,OO,2.5
2022-07-24 17:02,NO03,NORCBPLJD,NO,3.25
2022-07-24 17:16,EG07,EG7UR23GD,EG,1.8
2022-07-24 17:16,AM08,OO1B0Z3NX,OO,2.8
2022-07-24 17:19,NO03,NOE1V2ISQ,NO,3.25
2022-07-24 17:20,AM01,OO7PZE9VI,OO,2.0
2022-07-24 17:20,EG16,EGYTJXEPQ,EG,1.2
2022-07-24 17:28,EG34,EGC11ERTJ,EG,2.0
2022-07-24 17:36,NAO01,NAOP0J43D5,NAO,2.5
2022-07-24 17:50,AM07,AMLJH75LX,AM,2.8
2022-07-24 17:56,NAO14,EG7UR23GD,EG,2.5
2022-07-24 18:00,NAO03,NAOLY8OZCY,NAO,2.5
2022-07-24 18:07,NAO07,AMNT3W5UZ,AM,2.5
2022-07-24 18:11,EG04,EGYTJXEPQ,EG,1.2
2022-07-24 18:20,NO04,NOX6GVWRD,NO,3.25
2022-07-24 18:42,OO01,OOZSJ49IT,OO,2.3
2022-07-24 18:45,EG22,EGRHOCN9J,EG,1.6
2022-07-24 18:46,KO01,NOXFGCAQV,NO,3.4
2022-07-24 18:48,NAO39,NAOURTP0LZ,NAO,2.5
2022-07-24 18:57,OO04,OO3KKV9RF,OO,2.4
2022-07-24 19:16,OO03,OOZSJ49IT,OO,2.4
2022-07-24 20:04,EG04,EGYTJXEPQ,EG,1.2
2022-07-24 20:07,EG01,NORCBPLJD,NO,3.0
2022-07-24 20:14,KO09,KOIXA11DP,KO,2.05
2022-07-24 20:31,KO05,KOWM31YIH,KO,1.9
2022-07-24 20:35,EG10,EGIGQPKI7,EG,0.9
2022-07-24 20:47,KO02,NAOLY8OZCY,NAO,3.4
2022-07-24 21:02,KO04,NAOURTP0LZ,NAO,2.95
2022-07-24 21:56,NAO29,NO7PTX63C,NO,2.5
2022-07-24 22:06,EG21,EGYTJXEPQ,EG,1.6
2022-07-24 22:39,NAO34,NOXFGCAQV,NO,2.5
2022-07-24 22:53,AM03,AMH9SDBDW,AM,2.2
2022-07-24 22:53,NO01,NORCBPLJD,NO,3.85
2022-07-24 22:54,NAO07,NAO5ZJA8DZ,NAO,2.5
2022-07-24 22:56,EG19,OO7PZE9VI,OO,1.4
2022-07-24 23:17,NAO01,NAOLY8OZCY,NAO,2.5
2022-07-25 00:00,EG33,EGIGQPKI7,EG,2.0
2022-07-25 00:08,EG32,NAO5ZJA8DZ,NAO,1.4
2022-07-25 00:18,NO08,NOQLL8OS9,NO,3.55
2022-07-25 00:38,NAO23,NAOHL1N13J,NAO,2.5
2022-07-25 01:08,GE02,KOWKTAKPU,KO,14.7
2022-07-25 01:17,NAO23,NAO09SKDGI,NAO,2.5
2022-07-25 01:36,EG33,EGRHOCN9J,EG,2.0
2022-07-25 01:43,NAO21,NAOP0J43D5,NAO,2.5
2022-07-25 01:44,OO01,OO1B0Z3NX,OO,2.3
2022-07-25 02:07,MO01,NO7PTX63C,NO,1.35
2022-07-25 02:28,EG22,OO7PZE9VI,OO,1.6
2022-07-25 02:38,EG12,EGF1T2TAL,EG,0.5
2022-07-25 02:44,AM03,AMXAJI0Y6,AM,2.2
2022-07-25 02:50,KO05,KOWKTAKPU,KO,1.9
2022-07-25 03:10,EG24,EGSEIMVIH,EG,1.4
2022-07-25 03:13,EG19,EG9CHJ755,EG,1.4
2022-07-25 03:26,NAO23,NAOHL1N13J,NAO,2.5
2022-07-25 03:33,NAO35,NAONSM43D8,NAO,2.5
2022-07-25 03:36,AM03,AMH9SDBDW,AM,2.2
2022-07-25 03:39,EG08,EGVWPVS7H,EG,1.8
2022-07-25 03:48,NAO26,NAOHAFEYUH,NAO,2.5
2022-07-25 04:30,AM03,AMHJ7XVG0,AM,2.2
2022-07-25 05:23,OO06,OO7PZE9VI,OO,3.5
2022-07-25 05:24,NAO05,NAO5ZJA8DZ,NAO,2.5
2022-07-25 05:33,NAO28,NAONSM43D8,NAO,2.5
2022-07-25 05:41,MO05,MOJCKJLTE,MO,2.6
2022-07-25 05:49,AM03,AMH9SDBDW,AM,2.2
2022-07-25 05:53,EG05,EGIGQPKI7,EG,1.7
2022-07-25 05:55,EG36,OO1B0Z3NX,OO,1.0
2022-07-25 06:07,OO07,OO7PZE9VI,OO,1.9
2022-07-25 06:59,OO10,OOQ0OXFQ8,OO,2.5
2022-07-25 07:00,AM05,AMH9SDBDW,AM,3.6
2022-07-25 07:02,NO12,NOXFGCAQV,NO,3.35
2022-07-25 07:05,EG29,EG7UR23GD,EG,1.5
2022-07-25 07:37,EG10,NAO09SKDGI,NAO,0.9
2022-07-25 07:48,NAO13,NAOHL1N13J,NAO,2.5
2022-07-25 07:51,NO13,NOXFGCAQV,NO,4.15
2022-07-25 07:56,OO05,OOZSJ49IT,OO,3.5
2022-07-25 08:02,KO04,KOIXA11DP,KO,2.95
2022-07-25 08:44,OO06,OOQ0OXFQ8,OO,3.5
2022-07-25 09:05,EG03,NAO09SKDGI,NAO,1.2
2022-07-25 09:06,NAO39,NAOLY8OZCY,NAO,2.5
2022-07-25 09:24,AM04,EGYTJXEPQ,EG,2.2
2022-07-25 09:27,AM01,EGRHOCN9J,EG,2.0
2022-07-25 09:29,OO03,OO1B0Z3NX,OO,2.4
2022-07-25 09:33,NO02,NOXFGCAQV,NO,3.85
2022-07-25 09:51,NAO05,NAOLY8OZCY,NAO,2.5
2022-07-25 10:09,OO03,OO1B0Z3NX,OO,2.4
2022-07-25 10:16,OO08,EGIGQPKI7,EG,1.9
2022-07-25 10:20,EG33,EGIGQPKI7,EG,2.0
2022-07-25 10:25,EG20,NAOBMYOFQE,NAO,1.4
2022-07-25 11:25,NAO18,NAOHAFEYUH,NAO,2.5
2022-07-25 11:55,EG09,EG9CHJ755,EG,0.9
2022-07-25 12:00,NAO18,NOXFGCAQV,NO,2.5
2022-07-25 12:12,AM08,EG9CHJ755,EG,2.8
2022-07-25 12:59,AM06,NOXFGCAQV,NO,3.6
2022-07-25 13:24,OO02,NAOLY8OZCY,NAO,2.3
2022-07-25 13:43,OO06,OO3KKV9RF,OO,3.5
2022-07-25 13:44,NAO21,NAOHL1N13J,NAO,2.5
2022-07-25 14:12,NO04,NOX6GVWRD,NO,3.25
2022-07-25 14:20,MO07,KOIXA11DP,KO,3.15
2022-07-25 14:28,NAO35,NAO09SKDGI,NAO,2.5
2022-07-25 14:33,AM06,AMLJH75LX,AM,3.6
2022-07-25 15:04,AM09,AMXAJI0Y6,AM,3.1
2022-07-25 15:19,GE02,GE2IAGL58,GE,14.7
2022-07-25 15:21,MO09,MOJCKJLTE,MO,2.7
2022-07-25 15:21,OO10,OOQ0OXFQ8,OO,2.5
2022-07-25 15:24,EG12,EGF1T2TAL,EG,0.5
2022-07-25 15:30,AM04,AMV3A3ZMF,AM,2.2
2022-07-25 15:42,GE02,GEJA1WJ0T,GE,14.7
2022-07-25 15:43,EG17,OO3KKV9RF,OO,2.1
2022-07-25 15:45,NAO27,EG9CHJ755,EG,2.5
2022-07-25 16:11,NAO32,EG7UR23GD,EG,2.5
2022-07-25 16:21,AM05,AMH9SDBDW,AM,3.6
2022-07-25 17:08,NO10,NOX6GVWRD,NO,4.2
2022-07-25 17:14,AM02,AMV3A3ZMF,AM,2.0
2022-07-25 17:25,AM10,AMHJ7XVG0,AM,3.1
2022-07-25 17:36,OO02,OOZSJ49IT,OO,2.3
2022-07-25 17:57,EG30,EGUT0CVS4,EG,1.5
2022-07-25 18:21,NAO04,MOV86WZS3,MO,2.5
2022-07-25 19:53,NAO36,AMLJH75LX,AM,2.5
2022-07-25 20:15,NO04,EGVWPVS7H,EG,3.25
2022-07-25 20:33,NO06,GE5A0L725,GE,3.25
2022-07-25 20:33,NAO10,AMV3A3ZMF,AM,2.5
2022-07-25 22:00,EG11,EG9CHJ755,EG,0.5
2022-07-25 22:15,NAO38,NAO5ZJA8DZ,NAO,2.5
2022-07-25 22:40,NO02,NOXFGCAQV,NO,3.85
2022-07-25 22:51,KO01,NAOP0J43D5,NAO,3.4
2022-07-25 23:18,NAO32,NAO5UQPGB7,NAO,2.5
2022-07-26 00:27,EG36,EGUT0CVS4,EG,1.0
2022-07-26 00:57,MO05,NAOP0J43D5,NAO,2.6
2022-07-26 01:01,KO03,KONCXLL4Z,KO,2.95
2022-07-26 01:11,NAO36,AMLJH75LX,AM,2.5
2022-07-26 01:21,NAO35,NAOBMYOFQE,NAO,2.5
2022-07-26 01:37,EG21,NOXFGCAQV,NO,1.6
2022-07-26 01:58,NO13,NAO5ZJA8DZ,NAO,4.15
2022-07-26 02:00,MO01,MOV86WZS3,MO,1.35
2022-07-26 02:07,NAO32,NAOLY8OZCY,NAO,2.5
2022-07-26 02:37,AM05,AMLJH75LX,AM,3.6
2022-07-26 02:38,NAO18,KONCXLL4Z,KO,2.5
2022-07-26 03:24,OO10,NAO09SKDGI,NAO,2.5
2022-07-26 03:33,EG21,NORCBPLJD,NO,1.6
2022-07-26 03:49,OO02,OOQ0OXFQ8,OO,2.3
2022-07-26 03:50,NO03,NOE1V2ISQ,NO,3.25
2022-07-26 03:52,NAO37,NAO09SKDGI,NAO,2.5
2022-07-26 04:06,AM01,AMNT3W5UZ,AM,2.0
2022-07-26 04:21,OO03,OOZSJ49IT,OO,2.4
2022-07-26 04:25,AM01,NAOP0J43D5,NAO,2.0
2022-07-26 04:28,NAO38,NAO5ZJA8DZ,NAO,2.5
2022-07-26 04:43,AM05,AMHJ7XVG0,AM,3.6
2022-07-26 05:20,NAO16,NAOBMYOFQE,NAO,2.5
2022-07-26 06:29,NAO26,NAOLY8OZCY,NAO,2.5
2022-07-26 06:29,MO11,NO7PTX63C,NO,2.05
2022-07-26 06:48,EG29,EG7UR23GD,EG,1.5
2022-07-26 06:58,KO09,EGIGQPKI7,EG,2.05
2022-07-26 07:10,NAO20,NAOVZ41NAM,NAO,2.5
2022-07-26 07:20,GE02,KOWKTAKPU,KO,14.7
2022-07-26 08:07,AM06,NAOBMYOFQE,NAO,3.6
2022-07-26 08:18,NO04,NOX6GVWRD,NO,3.25
2022-07-26 08:59,NAO07,NAOP0J43D5,NAO,2.5
2022-07-26 09:29,EG16,EGYTJXEPQ,EG,1.2
2022-07-26 10:05,EG18,EGC11ERTJ,EG,2.1
2022-07-26 10:11,AM04,AMV3A3ZMF,AM,2.2
2022-07-26 10:30,NAO04,NAO5UQPGB7,NAO,2.5
2022-07-26 10:36,OO10,AMHJ7XVG0,AM,2.5
2022-07-26 10:58,NAO33,NAOURTP0LZ,NAO,2.5
2022-07-26 11:08,OO01,OO7PZE9VI,OO,2.3
2022-07-26 11:39,OO05,OOZSJ49IT,OO,3.5
2022-07-26 12:39,NAO30,NAOHAFEYUH,NAO,2.5
2022-07-26 12:50,AM07,AMLJH75LX,AM,2.8
2022-07-26 12:59,EG15,EGF1T2TAL,EG,1.2
2022-07-26 14:02,NAO20,AMH9SDBDW,AM,2.5
2022-07-26 14:37,OO02,OO3KKV9RF,OO,2.3
2022-07-26 14:56,EG37,NOE1V2ISQ,NO,1.4
2022-07-26 15:00,GE01,GEJA1WJ0T,GE,14.7
2022-07-26 15:02,NO10,NO7PTX63C,NO,4.2
2022-07-26 15:10,EG10,NORCBPLJD,NO,0.9
2022-07-26 15:17,MO05,MOJCKJLTE,MO,2.6
2022-07-26 15:24,NAO03,NAOLY8OZCY,NAO,2.5
2022-07-26 15:38,OO09,KOWM31YIH,KO,2.5
2022-07-26 16:24,NO04,NOE1V2ISQ,NO,3.25
2022-07-26 17:30,AM04,AMV3A3ZMF,AM,2.2
2022-07-26 17:36,EG22,EG7UR23GD,EG,1.6
2022-07-26 18:26,NO03,NORCBPLJD,NO,3.25
2022-07-26 18:32,NAO32,NAOP0J43D5,NAO,2.5
2022-07-26 18:40,AM09,AMNT3W5UZ,AM,3.1
2022-07-26 19:29,OO01,OO7PZE9VI,OO,2.3
2022-07-26 19:59,OO02,NOQLL8OS9,NO,2.3
2022-07-26 20:01,AM01,NAO5UQPGB7,NAO,2.0
2022-07-26 20:13,NAO13,NAOP0J43D5,NAO,2.5
2022-07-26 21:19,NO01,NOE1V2ISQ,NO,3.85
2022-07-26 21:27,EG20,EGIGQPKI7,EG,1.4
2022-07-26 21:32,KO04,KOIXA11DP,KO,2.95
2022-07-26 21:51,EG15,EGVWPVS7H,EG,1.2
2022-07-26 21:52,NAO14,NAONSM43D8,NAO,2.5
2022-07-26 21:54,EG37,NOE1V2ISQ,NO,1.4
2022-07-26 22:00,NAO30,NAOHAFEYUH,NAO,2.5
2022-07-26 22:16,AM04,AMLJH75LX,AM,2.2
2022-07-26 22:23,NO05,NAOURTP0LZ,NAO,3.25
2022-07-26 22:49,AM02,AMNT3W5UZ,AM,2.0
2022-07-26 23:15,NO01,NOX6GVWRD,NO,3.85
2022-07-26 23:17,NO05,NORCBPLJD,NO,3.25
2022-07-26 23:22,OO02,OO1B0Z3NX,OO,2.3
2022-07-27 00:01,NO14,NOXFGCAQV,NO,4.15
2022-07-27 00:43,KO05,KOWM31YIH,KO,1.9
2022-07-27 01:59,EG28,EG9CHJ755,EG,1.4
2022-07-27 02:11,KO01,KONCXLL4Z,KO,3.4
2022-07-27 02:19,AM04,AMV3A3ZMF,AM,2.2
2022-07-27 02:43,EG21,NOXFGCAQV,NO,1.6
2022-07-27 02:52,EG28,EGF1T2TAL,EG,1.4
2022-07-27 03:06,NO04,MOV86WZS3,MO,3.25
2022-07-27 03:20,OO07,OOQ0OXFQ8,OO,1.9
2022-07-27 03:41,NO07,AMV3A3ZMF,AM,3.55
2022-07-27 03:44,KO02,EG9CHJ755,EG,3.4
2022-07-27 04:31,NO04,NOX6GVWRD,NO,3.25
2022-07-27 05:02,NO12,NOQLL8OS9,NO,3.35
2022-07-27 05:45,AM03,AMNT3W5UZ,AM,2.2
2022-07-27 06:00,EG36,NOE1V2ISQ,NO,1.0
2022-07-27 06:28,EG29,EGUT0CVS4,EG,1.5
2022-07-27 06:48,MO09,MOJCKJLTE,MO,2.7
2022-07-27 06:59,NO10,NAOVZ41NAM,NAO,4.2
2022-07-27 07:53,EG28,EGF1T2TAL,EG,1.4
2022-07-27 08:40,KO09,EGUT0CVS4,EG,2.05
2022-07-27 09:08,AM09,AMH9SDBDW,AM,3.1
2022-07-27 10:01,NAO27,OOQ0OXFQ8,OO,2.5
2022-07-27 10:17,NO02,NOXFGCAQV,NO,3.85
2022-07-27 10:23,OO04,OO7PZE9VI,OO,2.4
2022-07-27 10:39,KO04,KOWKTAKPU,KO,2.95
2022-07-27 10:44,NAO21,NAOP0J43D5,NAO,2.5
2022-07-27 11:18,EG01,NORCBPLJD,NO,3.0
2022-07-27 11:41,NAO08,NAO5ZJA8DZ,NAO,2.5
2022-07-27 11:50,OO02,NOQLL8OS9,NO,2.3
2022-07-27 12:07,OO05,OOZSJ49IT,OO,3.5
2022-07-27 12:21,KO09,KOJDP0LVS,KO,2.05
2022-07-27 12:24,NAO15,NOE1V2ISQ,NO,2.5
2022-07-27 12:44,NO14,NORCBPLJD,NO,4.15
2022-07-27 12:52,EG31,NOE1V2ISQ,NO,1.4
2022-07-27 13:03,KO09,KOJDP0LVS,KO,2.05
2022-07-27 13:32,AM06,AMLJH75LX,AM,3.6
2022-07-27 14:01,EG22,EGVWPVS7H,EG,1.6
2022-07-27 14:17,NAO37,NAOBMYOFQE,NAO,2.5
2022-07-27 14:18,NAO36,AMLJH75LX,AM,2.5
2022-07-27 14:26,KO02,KOIXA11DP,KO,3.4
2022-07-27 14:51,EG28,EGSEIMVIH,EG,1.4
2022-07-27 15:04,KO07,EGC11ERTJ,EG,1.85
2022-07-27 15:09,NAO06,NAOLY8OZCY,NAO,2.5
2022-07-27 15:41,KO10,KOJDP0LVS,KO,2.05
2022-07-27 16:47,EG08,AMXAJI0Y6,AM,1.8
2022-07-27 16:50,NAO33,NAOURTP0LZ,NAO,2.5
2022-07-27 17:22,NAO21,NAO5ZJA8DZ,NAO,2.5
2022-07-27 18:13,NO09,EGRHOCN9J,EG,4.2
2022-07-27 18:22,EG06,EGVWPVS7H,EG,1.7
2022-07-27 20:14,AM03,EGSEIMVIH,EG,2.2
2022-07-27 20:41,AM01,EGRHOCN9J,EG,2.0
2022-07-27 20:49,MO05,MOJCKJLTE,MO,2.6
2022-07-27 21:05,EG36,EGUT0CVS4,EG,1.0
2022-07-27 21:07,NAO07,NAOP0J43D5,NAO,2.5
2022-07-27 21:28,EG34,EGC11ERTJ,EG,2.0
2022-07-27 21:32,AM08,OO7PZE9VI,OO,2.8
2022-07-27 21:48,AM05,AMV3A3ZMF,AM,3.6
2022-07-27 22:08,EG06,EGC11ERTJ,EG,1.7
2022-07-27 22:41,NO05,KONCXLL4Z,KO,3.25
2022-07-27 22:56,NAO32,NAO5ZJA8DZ,NAO,2.5
2022-07-27 23:16,NAO32,NAO5UQPGB7,NAO,2.5
2022-07-27 23:33,NAO11,NAOLY8OZCY,NAO,2.5
2022-07-27 23:43,NAO15,KOWKTAKPU,KO,2.5
2022-07-27 23:56,AM01,AMHJ7XVG0,AM,2.0
2022-07-28 00:21,EG18,EGIGQPKI7,EG,2.1
2022-07-28 00:26,NAO17,NAONSM43D8,NAO,2.5
2022-07-28 00:45,MO06,MOJCKJLTE,MO,2.6
2022-07-28 01:06,OO07,OO1B0Z3NX,OO,1.9
2022-07-28 01:46,EG09,NAOP0J43D5,NAO,0.9
2022-07-28 01:50,GE01,GEJA1WJ0T,GE,14.7
2022-07-28 02:00,AM09,AMNT3W5UZ,AM,3.1
2022-07-28 02:09,NAO29,NAO5UQPGB7,NAO,2.5
2022-07-28 02:41,EG22,EG7UR23GD,EG,1.6
2022-07-28 02:46,KO05,KOWM31YIH,KO,1.9
2022-07-28 03:30,OO01,NORCBPLJD,NO,2.3
2022-07-28 03:39,NAO21,NAOHL1N13J,NAO,2.5
2022-07-28 03:57,AM10,AMHJ7XVG0,AM,3.1
2022-07-28 04:30,NO10,OOQ0OXFQ8,OO,4.2
2022-07-28 04:35,EG07,EGUT0CVS4,EG,1.8
2022-07-28 04:36,NAO32,EG7UR23GD,EG,2.5
2022-07-28 04:59,EG10,EGVWPVS7H,EG,0.9
2022-07-28 05:26,AM06,AMNT3W5UZ,AM,3.6
2022-07-28 06:28,NAO03,NAOURTP0LZ,NAO,2.5
2022-07-28 06:33,NAO38,NOE1V2ISQ,NO,2.5
2022-07-28 06:34,EG06,EGVWPVS7H,EG,1.7
2022-07-28 07:32,OO03,OOQ0OXFQ8,OO,2.4
2022-07-28 07:40,NO01,NOXFGCAQV,NO,3.85
2022-07-28 07:40,EG37,EGUT0CVS4,EG,1.4
2022-07-28 07:45,OO05,AMHJ7XVG0,AM,3.5
2022-07-28 07:51,OO02,NAOP0J43D5,NAO,2.3
2022-07-28 08:41,NAO32,NORCBPLJD,NO,2.5
2022-07-28 08:45,NAO22,NAO5ZJA8DZ,NAO,2.5
2022-07-28 11:01,NO10,KOIXA11DP,KO,4.2
2022-07-28 11:04,OO10,AMLJH75LX,AM,2.5
2022-07-28 11:07,EG01,EG9CHJ755,EG,3.0
2022-07-28 12:11,NAO31,OO7PZE9VI,OO,2.5
2022-07-28 12:18,NO06,NORCBPLJD,NO,3.25
2022-07-28 12:20,NO02,NOXFGCAQV,NO,3.85
2022-07-28 12:34,NAO29,OOZSJ49IT,OO,2.5
2022-07-28 12:40,NAO18,KONCXLL4Z,KO,2.5
2022-07-28 12:54,NAO32,NAO5UQPGB7,NAO,2.5
2022-07-28 13:07,KO08,NAOLY8OZCY,NAO,1.85
2022-07-28 13:55,OO01,OOZSJ49IT,OO,2.3
2022-07-28 14:28,NO05,NOQLL8OS9,NO,3.25
2022-07-28 14:33,KO04,KOWKTAKPU,KO,2.95
2022-07-28 14:42,OO03,OO3KKV9RF,OO,2.4
2022-07-28 16:27,NAO23,NAO09SKDGI,NAO,2.5
2022-07-28 16:35,EG08,EGSEIMVIH,EG,1.8
2022-07-28 16:50,NAO16,EGIGQPKI7,EG,2.5
2022-07-28 17:21,NAO35,NAONSM43D8,NAO,2.5
2022-07-28 18:01,OO07,OO7PZE9VI,OO,1.9
2022-07-28 18:08,NO07,NO7PTX63C,NO,3.55
2022-07-28 18:20,NO11,NOQLL8OS9,NO,3.35
2022-07-28 18:25,KO09,KOWM31YIH,KO,2.05
2022-07-28 18:28,NAO32,NAOHAFEYUH,NAO,2.5
2022-07-28 18:34,EG22,OO7PZE9VI,OO,1.6
2022-07-28 19:05,AM04,EGYTJXEPQ,EG,2.2
2022-07-28 19:11,NAO22,NAOHL1N13J,NAO,2.5
2022-07-28 19:28,KO06,AMHJ7XVG0,AM,1.9
2022-07-28 19:35,NAO21,NAO5ZJA8DZ,NAO,2.5
2022-07-28 20:52,EG13,KONCXLL4Z,KO,1.2
2022-07-28 21:06,MO10,EG9CHJ755,EG,2.7
2022-07-28 21:06,EG21,NORCBPLJD,NO,1.6
2022-07-28 21:14,GE02,GE5A0L725,GE,14.7
2022-07-28 21:18,NAO32,NAO09SKDGI,NAO,2.5
2022-07-28 21:57,NO01,AMNT3W5UZ,AM,3.85
2022-07-28 22:43,AM03,MOJCKJLTE,MO,2.2
2022-07-28 22:59,KO09,EGUT0CVS4,EG,2.05
2022-07-28 23:20,EG08,EG7UR23GD,EG,1.8
2022-07-28 23:40,MO08,MOV86WZS3,MO,3.15
2022-07-28 23:55,EG14,AMH9SDBDW,AM,1.2
2022-07-29 00:09,AM06,AMNT3W5UZ,AM,3.6
2022-07-29 00:15,EG21,EG7UR23GD,EG,1.6
2022-07-29 00:25,NO05,NOX6GVWRD,NO,3.25
2022-07-29 00:33,OO10,AMLJH75LX,AM,2.5
2022-07-29 00:36,KO09,KOJDP0LVS,KO,2.05
2022-07-29 00:38,NO11,NOXFGCAQV,NO,3.35
2022-07-29 00:40,AM06,AMNT3W5UZ,AM,3.6
2022-07-29 01:10,NO02,EGC11ERTJ,EG,3.85
2022-07-29 01:17,NAO24,NAONSM43D8,NAO,2.5
2022-07-29 01:28,NAO04,KOIXA11DP,KO,2.5
2022-07-29 01:50,NAO21,EGC11ERTJ,EG,2.5
2022-07-29 01:55,EG25,EGVWPVS7H,EG,1.8
2022-07-29 02:13,NAO23,EG9CHJ755,EG,2.5
2022-07-29 02:43,NAO32,NAO09SKDGI,NAO,2.5
2022-07-29 02:44,KO09,KOWM31YIH,KO,2.05
2022-07-29 03:36,NO13,NOXFGCAQV,NO,4.15
2022-07-29 03:47,EG24,EGVWPVS7H,EG,1.4
2022-07-29 04:22,EG06,EGIGQPKI7,EG,1.7
2022-07-29 04:24,AM01,AMHJ7XVG0,AM,2.0
2022-07-29 04:24,NAO21,NAOLY8OZCY,NAO,2.5
2022-07-29 04:49,NO02,NOXFGCAQV,NO,3.85
2022-07-29 05:47,KO01,KOWKTAKPU,KO,3.4
2022-07-29 05:48,NAO21,EGC11ERTJ,EG,2.5
2022-07-29 06:24,EG10,EGIGQPKI7,EG,0.9
2022-07-29 06:51,KO04,NOE1V2ISQ,NO,2.95
2022-07-29 07:31,NO01,NOXFGCAQV,NO,3.85
2022-07-29 08:15,NAO25,NAO5ZJA8DZ,NAO,2.5
2022-07-29 08:18,NO01,NOE1V2ISQ,NO,3.85
2022-07-29 08:25,EG37,EGVWPVS7H,EG,1.4
2022-07-29 08:31,EG05,EGIGQPKI7,EG,1.7
2022-07-29 09:10,KO08,KONCXLL4Z,KO,1.85
2022-07-29 09:14,AM04,AMLJH75LX,AM,2.2
2022-07-29 09:14,KO01,KOJDP0LVS,KO,3.4
2022-07-29 09:25,NAO38,NOE1V2ISQ,NO,2.5
2022-07-29 09:41,NAO18,NAO5ZJA8DZ,NAO,2.5
2022-07-29 10:04,AM05,AMXAJI0Y6,AM,3.6
2022-07-29 11:01,NAO20,EG7UR23GD,EG,2.5
2022-07-29 11:12,OO06,EGC11ERTJ,EG,3.5
2022-07-29 11:19,AM04,EGVWPVS7H,EG,2.2
2022-07-29 12:16,NO11,NOXFGCAQV,NO,3.35
2022-07-29 12:37,EG02,NAONSM43D8,NAO,3.0
2022-07-29 13:06,AM07,NAO5UQPGB7,NAO,2.8
2022-07-29 13:09,NO02,NOXFGCAQV,NO,3.85
2022-07-29 13:19,EG06,EGUT0CVS4,EG,1.7
2022-07-29 13:38,EG05,EGIGQPKI7,EG,1.7
2022-07-29 14:01,NAO09,NAO5UQPGB7,NAO,2.5
2022-07-29 14:53,AM09,AMXAJI0Y6,AM,3.1
2022-07-29 15:04,NAO35,KONCXLL4Z,KO,2.5
2022-07-29 15:08,NAO16,NAOBMYOFQE,NAO,2.5
2022-07-29 15:22,EG29,EG7UR23GD,EG,1.5
2022-07-29 15:30,KO04,KOIXA11DP,KO,2.95
2022-07-29 16:30,NAO21,NAO5UQPGB7,NAO,2.5
2022-07-29 17:39,KO05,KOJDP0LVS,KO,1.9
2022-07-29 17:48,NAO18,EGF1T2TAL,EG,2.5
2022-07-29 17:49,MO08,MOV86WZS3,MO,3.15
2022-07-29 17:57,EG09,NAOP0J43D5,NAO,0.9
2022-07-29 18:11,EG21,EGYTJXEPQ,EG,1.6
2022-07-29 18:17,NAO29,NAONSM43D8,NAO,2.5
2022-07-29 18:19,EG19,EGF1T2TAL,EG,1.4
2022-07-29 18:45,NO04,NOX6GVWRD,NO,3.25
2022-07-29 18:51,KO03,KONCXLL4Z,KO,2.95
2022-07-29 20:16,KO09,KOJDP0LVS,KO,2.05
2022-07-29 20:27,KO09,KOIXA11DP,KO,2.05
2022-07-29 21:05,EG05,EG7UR23GD,EG,1.7
2022-07-29 21:09,NAO25,NAO5ZJA8DZ,NAO,2.5
2022-07-29 21:24,NO10,NAOURTP0LZ,NAO,4.2
2022-07-29 21:29,NAO21,NAOLY8OZCY,NAO,2.5
2022-07-29 21:40,KO05,EGVWPVS7H,EG,1.9
2022-07-29 21:45,AM10,GEX7EEDTJ,GE,3.1
2022-07-29 22:22,NAO03,KOJDP0LVS,KO,2.5
2022-07-29 22:28,AM02,AMXAJI0Y6,AM,2.0
2022-07-29 23:05,NAO32,NAO5UQPGB7,NAO,2.5
2022-07-29 23:24,NO07,NAO09SKDGI,NAO,3.55
2022-07-29 23:44,NAO26,KOJDP0LVS,KO,2.5
2022-07-30 00:05,MO08,MOV86WZS3,MO,3.15
2022-07-30 00:22,KO09,KONCXLL4Z,KO,2.05
2022-07-30 01:01,AM01,AMHJ7XVG0,AM,2.0
2022-07-30 01:23,OO10,OOQ0OXFQ8,OO,2.5
2022-07-30 01:24,EG06,NAOBMYOFQE,NAO,1.7
2022-07-30 01:38,EG11,EGIGQPKI7,EG,0.5
2022-07-30 01:38,AM08,AMXAJI0Y6,AM,2.8
2022-07-30 02:59,AM05,KONCXLL4Z,KO,3.6
2022-07-30 03:44,NO10,OOQ0OXFQ8,OO,4.2
2022-07-30 03:58,NAO25,NAO5ZJA8DZ,NAO,2.5
2022-07-30 04:26,NO12,NOQLL8OS9,NO,3.35
2022-07-30 04:49,OO10,OOZSJ49IT,OO,2.5
2022-07-30 04:52,NAO05,NAOLY8OZCY,NAO,2.5
2022-07-30 05:04,AM04,KOWKTAKPU,KO,2.2
2022-07-30 05:21,AM01,EG7UR23GD,EG,2.0
2022-07-30 05:40,MO05,MOJCKJLTE,MO,2.6
2022-07-30 06:01,NAO05,NAO5ZJA8DZ,NAO,2.5
2022-07-30 06:30,NAO14,NAONSM43D8,NAO,2.5
2022-07-30 07:16,EG21,AMH9SDBDW,AM,1.6
2022-07-30 08:06,OO06,OO7PZE9VI,OO,3.5
2022-07-30 09:05,NAO18,NAO5ZJA8DZ,NAO,2.5
2022-07-30 09:12,EG22,EGVWPVS7H,EG,1.6
2022-07-30 09:20,NAO19,NOXFGCAQV,NO,2.5
2022-07-30 09:30,KO05,KONCXLL4Z,KO,1.9
2022-07-30 09:49,EG25,MOV86WZS3,MO,1.8
2022-07-30 10:57,NAO31,NAOURTP0LZ,NAO,2.5
2022-07-30 11:38,EG29,AMH9SDBDW,AM,1.5
2022-07-30 11:40,GE02,KOWKTAKPU,KO,14.7
2022-07-30 12:35,OO02,OO3KKV9RF,OO,2.3
2022-07-30 12:42,AM06,AMLJH75LX,AM,3.6
2022-07-30 12:49,OO10,OO1B0Z3NX,OO,2.5
2022-07-30 13:28,NAO19,NAOHAFEYUH,NAO,2.5
2022-07-30 14:21,EG29,EG7UR23GD,EG,1.5
2022-07-30 14:52,NAO17,OO1B0Z3NX,OO,2.5
2022-07-30 15:39,NAO28,NAONSM43D8,NAO,2.5
2022-07-30 16:34,AM03,AMHJ7XVG0,AM,2.2
2022-07-30 16:48,OO08,OOZSJ49IT,OO,1.9
2022-07-30 16:56,AM06,AMH9SDBDW,AM,3.6
2022-07-30 17:01,GE01,GEJA1WJ0T,GE,14.7
2022-07-30 17:11,AM04,AMLJH75LX,AM,2.2
2022-07-30 17:47,NAO41,NAOP0J43D5,NAO,2.5
2022-07-30 17:53,EG26,AMHJ7XVG0,AM,1.8
2022-07-30 17:57,EG13,KONCXLL4Z,KO,1.2
2022-07-30 17:57,AM10,EGRHOCN9J,EG,3.1
2022-07-30 18:39,AM05,AMLJH75LX,AM,3.6
2022-07-30 18:58,EG38,EGUT0CVS4,EG,1.4
2022-07-30 18:59,KO07,NAOP0J43D5,NAO,1.85
2022-07-30 19:18,KO08,NAOLY8OZCY,NAO,1.85
2022-07-30 19:36,NAO12,NAO5UQPGB7,NAO,2.5
2022-07-30 20:20,KO02,NAOVZ41NAM,NAO,3.4
2022-07-30 20:33,EG06,EGC11ERTJ,EG,1.7
2022-07-30 21:59,MO04,MOJCKJLTE,MO,2.1
2022-07-30 23:20,NAO06,NAOLY8OZCY,NAO,2.5
2022-07-30 23:34,NO05,OO1B0Z3NX,OO,3.25
2022-07-31 00:13,OO09,KOWM31YIH,KO,2.5
2022-07-31 00:31,EG05,EGIGQPKI7,EG,1.7
2022-07-31 00:31,OO08,OO7PZE9VI,OO,1.9
2022-07-31 00:47,KO08,KOWM31YIH,KO,1.85
2022-07-31 01:13,MO10,MOJCKJLTE,MO,2.7
2022-07-31 01:55,NAO01,NAOURTP0LZ,NAO,2.5
2022-07-31 02:06,OO02,OOZSJ49IT,OO,2.3
2022-07-31 02:23,KO09,KOWM31YIH,KO,2.05
2022-07-31 02:29,NAO03,NAOLY8OZCY,NAO,2.5
2022-07-31 03:13,NAO32,NAO09SKDGI,NAO,2.5
2022-07-31 03:50,OO03,OOZSJ49IT,OO,2.4
2022-07-31 04:08,OO06,MOJCKJLTE,MO,3.5
2022-07-31 04:23,OO05,OO3KKV9RF,OO,3.5
2022-07-31 04:36,KO09,EGUT0CVS4,EG,2.05
2022-07-31 04:51,NAO34,NAOURTP0LZ,NAO,2.5
2022-07-31 05:00,KO09,KONCXLL4Z,KO,2.05
2022-07-31 06:04,NO01,NO7PTX63C,NO,3.85
2022-07-31 06:12,OO04,NAOVZ41NAM,NAO,2.4
